Series Name,Series Code,Country Name,Country Code,1990 [YR1990],2000 [YR2000],2011 [YR2011],2012 [YR2012],2013 [YR2013],2014 [YR2014],2015 [YR2015],2016 [YR2016],2017 [YR2017],2018 [YR2018],2019 [YR2019],2020 [YR2020]
"Pupil-teacher ratio, secondary",SE.SEC.ENRL.TC.ZS,Afghanistan,AFG,24.78793,..,..,..,..,..,31.9738,32.20814,33.2407,33.50124,..,..
"Pupil-teacher ratio, secondary",SE.SEC.ENRL.TC.ZS,Albania,ALB,..,16.43434,15.24414,14.89293,14.75715,14.29575,13.50589,12.22137,11.60265,11.19927,..,..
"Pupil-teacher ratio, secondary",SE.SEC.ENRL.TC.ZS,Algeria,DZA,17.9128,..,..,..,..,..,..,..,..,..,..,..
"Pupil-teacher ratio, secondary",SE.SEC.ENRL.TC.ZS,American Samoa,ASM,15.48198,..,..,..,..,..,..,..,..,..,..,..
"Pupil-teacher ratio, secondary",SE.SEC.ENRL.TC.ZS,Andorra,AND,..,..,..,..,7.80663,8.65531,8.07904,7.94434,8.22711,8.01599,..,..
"Pupil-teacher ratio, secondary",SE.SEC.ENRL.TC.ZS,Angola,AGO,..,18.83404,27.41665,..,..,..,..,26.76619,..,..,..,..
"Pupil-teacher ratio, secondary",SE.SEC.ENRL.TC.ZS,Antigua and Barbuda,ATG,..,13.39086,11.96742,11.59474,..,11.98368,11.48074,..,9.64207,9.29704,..,..
"Pupil-teacher ratio, secondary",SE.SEC.ENRL.TC.ZS,Argentina,ARG,..,12.30048,..,..,..,..,..,..,..,..,..,..
"Pupil-teacher ratio, secondary",SE.SEC.ENRL.TC.ZS,Armenia,ARM,..,..,..,..,..,..,..,..,..,8.01689,..,..
"Pupil-teacher ratio, secondary",SE.SEC.ENRL.TC.ZS,Aruba,ABW,..,15.25432,13.97348,15.09369,..,..,..,..,..,..,..,..
"Pupil-teacher ratio, secondary",SE.SEC.ENRL.TC.ZS,Australia,AUS,..,..,..,..,..,..,..,..,..,..,..,..
"Pupil-teacher ratio, secondary",SE.SEC.ENRL.TC.ZS,Austria,AUT,9.96332,..,9.67872,9.53847,9.67333,9.61071,9.57663,9.41777,9.32983,..,..,..
"Pupil-teacher ratio, secondary",SE.SEC.ENRL.TC.ZS,Azerbaijan,AZE,..,..,..,..,..,..,..,..,..,7.60984,..,..
"Pupil-teacher ratio, secondary",SE.SEC.ENRL.TC.ZS,"Bahamas, The",BHS,..,..,11.08709,14.44392,12.30538,12.50237,11.79222,11.75808,14.06865,12.48097,..,..
"Pupil-teacher ratio, secondary",SE.SEC.ENRL.TC.ZS,Bahrain,BHR,15.34045,..,10.38663,9.61612,9.99168,9.85905,9.86281,9.79181,10.1467,10.23948,..,..
"Pupil-teacher ratio, secondary",SE.SEC.ENRL.TC.ZS,Bangladesh,BGD,27.43812,38.4303,30.62493,32.23697,35.20296,..,..,36.192,33.98251,35.09524,..,..
"Pupil-teacher ratio, secondary",SE.SEC.ENRL.TC.ZS,Barbados,BRB,19.61111,17.29712,..,..,..,..,17.53754,18.63678,18.45852,17.93859,..,..
"Pupil-teacher ratio, secondary",SE.SEC.ENRL.TC.ZS,Belarus,BLR,..,..,..,..,7.73805,8.05511,8.36258,8.29763,8.35604,8.56276,..,..
"Pupil-teacher ratio, secondary",SE.SEC.ENRL.TC.ZS,Belgium,BEL,7.31765,..,..,..,9.44806,9.42359,9.42496,9.14736,8.98821,..,..,..
"Pupil-teacher ratio, secondary",SE.SEC.ENRL.TC.ZS,Belize,BLZ,..,23.32831,16.31748,16.52241,17.38091,..,16.30319,18.40628,16.5581,16.72317,..,..
"Pupil-teacher ratio, secondary",SE.SEC.ENRL.TC.ZS,Benin,BEN,..,23.38345,..,..,9.82354,9.91567,10.32268,10.99168,..,..,..,..
"Pupil-teacher ratio, secondary",SE.SEC.ENRL.TC.ZS,Bermuda,BMU,..,..,6.44776,6.39032,5.31847,4.97932,6.33229,..,..,..,..,..
"Pupil-teacher ratio, secondary",SE.SEC.ENRL.TC.ZS,Bhutan,BTN,..,..,20.53927,19.88922,13.7798,14.29917,12.14578,11.41873,11.0089,10.81456,..,..
"Pupil-teacher ratio, secondary",SE.SEC.ENRL.TC.ZS,Bolivia,BOL,..,..,..,..,20.81323,20.41025,20.39699,19.609,18.90098,18.49627,..,..
"Pupil-teacher ratio, secondary",SE.SEC.ENRL.TC.ZS,Bosnia and Herzegovina,BIH,..,..,..,..,11.12966,10.64639,10.14673,9.73102,9.34286,9.1229,..,..
"Pupil-teacher ratio, secondary",SE.SEC.ENRL.TC.ZS,Botswana,BWA,16.62191,16.40179,..,..,..,..,..,..,..,..,..,..
"Pupil-teacher ratio, secondary",SE.SEC.ENRL.TC.ZS,Brazil,BRA,..,..,16.34985,15.97387,17.26308,16.69174,16.45139,16.60114,16.72391,..,..,..
"Pupil-teacher ratio, secondary",SE.SEC.ENRL.TC.ZS,British Virgin Islands,VGB,11.8913,10.22297,8.04603,..,..,7.70155,8.0757,7.45055,8.70656,..,..,..
"Pupil-teacher ratio, secondary",SE.SEC.ENRL.TC.ZS,Brunei Darussalam,BRN,..,10.85358,9.93749,10.09168,9.75452,9.14518,8.83654,8.56453,8.71672,8.26843,..,..
"Pupil-teacher ratio, secondary",SE.SEC.ENRL.TC.ZS,Bulgaria,BGR,..,11.85532,12.29774,12.32203,13.04041,13.2295,..,12.63651,..,..,..,..
"Pupil-teacher ratio, secondary",SE.SEC.ENRL.TC.ZS,Burkina Faso,BFA,..,..,26.48814,26.33301,26.90824,27.08945,25.19571,23.38275,23.33086,23.11995,..,..
"Pupil-teacher ratio, secondary",SE.SEC.ENRL.TC.ZS,Burundi,BDI,17.7399,..,29.38317,29.70914,31.66009,37.21738,35.79281,32.13206,28.02967,26.59842,..,..
"Pupil-teacher ratio, secondary",SE.SEC.ENRL.TC.ZS,Cabo Verde,CPV,..,..,17.21693,16.7948,17.19012,16.04694,16.40755,16.00499,15.62939,15.42052,..,..
"Pupil-teacher ratio, secondary",SE.SEC.ENRL.TC.ZS,Cambodia,KHM,..,18.46332,..,..,..,..,..,..,..,..,..,..
"Pupil-teacher ratio, secondary",SE.SEC.ENRL.TC.ZS,Cameroon,CMR,25.87655,23.61911,24.12545,21.43342,19.57763,20.4254,19.86712,19.25706,..,..,..,..
"Pupil-teacher ratio, secondary",SE.SEC.ENRL.TC.ZS,Canada,CAN,14.21436,..,..,..,..,..,..,..,..,..,..,..
"Pupil-teacher ratio, secondary",SE.SEC.ENRL.TC.ZS,Cayman Islands,CYM,..,9.29365,8.94215,5.27476,..,..,..,..,..,10.9653,..,..
"Pupil-teacher ratio, secondary",SE.SEC.ENRL.TC.ZS,Central African Republic,CAF,37.31739,..,66.81707,68.13149,..,..,..,34.62948,31.63737,..,..,..
"Pupil-teacher ratio, secondary",SE.SEC.ENRL.TC.ZS,Chad,TCD,..,32.22277,31.98235,29.7734,35.77055,36.61245,27.45229,27.13412,..,..,..,..
"Pupil-teacher ratio, secondary",SE.SEC.ENRL.TC.ZS,Channel Islands,CHI,..,..,..,..,..,..,..,..,..,..,..,..
"Pupil-teacher ratio, secondary",SE.SEC.ENRL.TC.ZS,Chile,CHL,..,29.3532,21.0574,20.04352,21.00122,20.06238,19.44185,18.81748,18.36688,..,..,..
"Pupil-teacher ratio, secondary",SE.SEC.ENRL.TC.ZS,China,CHN,14.60696,17.10846,15.15325,14.50326,15.14167,14.27963,13.81544,13.49871,13.30917,13.25879,..,..
"Pupil-teacher ratio, secondary",SE.SEC.ENRL.TC.ZS,Colombia,COL,..,19.19542,25.58137,25.39509,25.49841,24.90129,26.47999,26.18799,26.01138,25.91073,..,..
"Pupil-teacher ratio, secondary",SE.SEC.ENRL.TC.ZS,Comoros,COM,..,..,..,..,8.70555,8.61767,..,..,5.31356,8.30834,..,..
"Pupil-teacher ratio, secondary",SE.SEC.ENRL.TC.ZS,"Congo, Dem. Rep.",COD,..,..,15.21755,15.33509,14.20295,14.59321,14.24161,..,..,..,..,..
"Pupil-teacher ratio, secondary",SE.SEC.ENRL.TC.ZS,"Congo, Rep.",COG,27.12057,..,..,18.67603,..,..,..,..,..,..,..,..
"Pupil-teacher ratio, secondary",SE.SEC.ENRL.TC.ZS,Costa Rica,CRI,18.95094,18.84161,14.92131,..,13.96964,14.35946,13.9521,12.73154,13.31491,12.42779,..,..
"Pupil-teacher ratio, secondary",SE.SEC.ENRL.TC.ZS,Cote d'Ivoire,CIV,..,..,..,..,..,22.30057,..,25.83658,26.31551,27.28114,..,..
"Pupil-teacher ratio, secondary",SE.SEC.ENRL.TC.ZS,Croatia,HRV,..,11.84402,8.001,7.80615,7.70094,8.0174,7.03333,6.73221,..,..,..,..
"Pupil-teacher ratio, secondary",SE.SEC.ENRL.TC.ZS,Cuba,CUB,9.88503,11.94651,9.03415,8.42905,8.30605,8.88073,9.03784,9.34814,9.47531,9.63133,..,..
"Pupil-teacher ratio, secondary",SE.SEC.ENRL.TC.ZS,Curacao,CUW,..,..,..,..,..,..,..,..,..,..,..,..
"Pupil-teacher ratio, secondary",SE.SEC.ENRL.TC.ZS,Cyprus,CYP,11.97202,13.60329,9.72688,9.66547,9.54664,9.72049,10.35338,7.95871,8.31131,..,..,..
"Pupil-teacher ratio, secondary",SE.SEC.ENRL.TC.ZS,Czech Republic,CZE,13.33034,..,11.32691,11.19134,11.54847,..,..,..,..,..,..,..
"Pupil-teacher ratio, secondary",SE.SEC.ENRL.TC.ZS,Denmark,DNK,..,9.5577,..,..,..,11.29034,..,..,..,..,..,..
"Pupil-teacher ratio, secondary",SE.SEC.ENRL.TC.ZS,Djibouti,DJI,27.90244,..,27.89546,26.55834,25.13412,24.54023,22.77297,23.75349,22.727,25.41709,26.83286,..
"Pupil-teacher ratio, secondary",SE.SEC.ENRL.TC.ZS,Dominica,DMA,..,21.4711,12.16262,..,..,10.97481,10.69423,..,..,..,..,..
"Pupil-teacher ratio, secondary",SE.SEC.ENRL.TC.ZS,Dominican Republic,DOM,..,..,28.72223,29.17577,27.63296,..,22.09344,..,18.64652,..,..,..
"Pupil-teacher ratio, secondary",SE.SEC.ENRL.TC.ZS,Ecuador,ECU,..,13.57916,20.90102,21.96425,23.0055,23.03294,22.35071,21.94529,20.99927,20.62112,..,..
"Pupil-teacher ratio, secondary",SE.SEC.ENRL.TC.ZS,"Egypt, Arab Rep.",EGY,21.30897,16.94733,..,..,..,..,..,14.79149,15.21374,15.16281,..,..
"Pupil-teacher ratio, secondary",SE.SEC.ENRL.TC.ZS,El Salvador,SLV,..,..,24.34529,..,..,..,30.84663,29.31611,27.82175,27.55579,..,..
"Pupil-teacher ratio, secondary",SE.SEC.ENRL.TC.ZS,Equatorial Guinea,GNQ,..,23.15996,..,..,..,..,..,..,..,..,..,..
"Pupil-teacher ratio, secondary",SE.SEC.ENRL.TC.ZS,Eritrea,ERI,..,54.06198,39.49376,37.88873,38.48073,40.59032,38.88105,..,36.56873,35.02165,..,..
"Pupil-teacher ratio, secondary",SE.SEC.ENRL.TC.ZS,Estonia,EST,..,9.79109,8.77001,8.37591,8.09777,..,..,8.78266,9.18187,..,..,..
"Pupil-teacher ratio, secondary",SE.SEC.ENRL.TC.ZS,Eswatini,SWZ,..,17.27932,17.2581,16.5432,15.99538,15.90008,15.79598,15.54522,..,..,..,..
"Pupil-teacher ratio, secondary",SE.SEC.ENRL.TC.ZS,Ethiopia,ETH,..,..,40.33126,40.35064,..,..,..,..,..,..,..,..
"Pupil-teacher ratio, secondary",SE.SEC.ENRL.TC.ZS,Faroe Islands,FRO,..,..,..,..,..,..,..,..,..,..,..,..
"Pupil-teacher ratio, secondary",SE.SEC.ENRL.TC.ZS,Fiji,FJI,..,20.21488,26.46551,19.2926,..,..,..,..,..,..,..,..
"Pupil-teacher ratio, secondary",SE.SEC.ENRL.TC.ZS,Finland,FIN,..,12.74229,9.50424,9.26577,12.70659,12.75811,..,13.24117,13.57979,..,..,..
"Pupil-teacher ratio, secondary",SE.SEC.ENRL.TC.ZS,France,FRA,12.43865,11.79826,12.69115,12.83299,12.9392,..,..,..,..,..,..,..
"Pupil-teacher ratio, secondary",SE.SEC.ENRL.TC.ZS,French Polynesia,PYF,14.72285,..,..,..,..,..,..,..,..,..,..,..
"Pupil-teacher ratio, secondary",SE.SEC.ENRL.TC.ZS,Gabon,GAB,..,..,..,..,..,..,..,..,..,..,..,..
"Pupil-teacher ratio, secondary",SE.SEC.ENRL.TC.ZS,"Gambia, The",GMB,..,..,..,..,..,..,..,..,..,..,..,..
"Pupil-teacher ratio, secondary",SE.SEC.ENRL.TC.ZS,Georgia,GEO,..,7.46045,..,..,7.48672,7.24917,7.24706,7.44399,7.39342,7.57537,..,..
"Pupil-teacher ratio, secondary",SE.SEC.ENRL.TC.ZS,Germany,DEU,..,14.36311,12.87907,12.74469,12.55628,12.20459,12.13371,12.01027,11.97424,..,..,..
"Pupil-teacher ratio, secondary",SE.SEC.ENRL.TC.ZS,Ghana,GHA,18.19238,19.1357,18.66661,17.8712,17.52991,15.81591,16.61254,16.97562,15.63675,16.01642,15.17269,..
"Pupil-teacher ratio, secondary",SE.SEC.ENRL.TC.ZS,Gibraltar,GIB,..,11.8629,..,..,..,..,..,16.8,15.04762,..,..,..
"Pupil-teacher ratio, secondary",SE.SEC.ENRL.TC.ZS,Greece,GRC,14.55338,9.76026,..,..,7.71531,8.30619,8.66634,8.4038,8.55985,..,..,..
"Pupil-teacher ratio, secondary",SE.SEC.ENRL.TC.ZS,Greenland,GRL,..,..,..,..,..,..,..,..,..,..,..,..
"Pupil-teacher ratio, secondary",SE.SEC.ENRL.TC.ZS,Grenada,GRD,..,..,..,..,13.96384,12.54639,11.87372,11.88228,11.79439,12.81206,..,..
"Pupil-teacher ratio, secondary",SE.SEC.ENRL.TC.ZS,Guam,GUM,..,..,..,..,..,..,..,..,..,..,..,..
"Pupil-teacher ratio, secondary",SE.SEC.ENRL.TC.ZS,Guatemala,GTM,..,14.03186,13.54263,13.66083,12.32395,12.66446,..,12.39713,10.51281,10.49312,..,..
"Pupil-teacher ratio, secondary",SE.SEC.ENRL.TC.ZS,Guinea,GIN,..,..,33.13554,..,..,..,..,..,..,..,..,..
"Pupil-teacher ratio, secondary",SE.SEC.ENRL.TC.ZS,Guinea-Bissau,GNB,..,15.01456,..,..,..,..,..,..,..,..,..,..
"Pupil-teacher ratio, secondary",SE.SEC.ENRL.TC.ZS,Guyana,GUY,..,..,20.86307,20.29138,..,..,..,..,..,..,..,..
"Pupil-teacher ratio, secondary",SE.SEC.ENRL.TC.ZS,Haiti,HTI,..,..,..,..,..,..,..,..,..,..,..,..
"Pupil-teacher ratio, secondary",SE.SEC.ENRL.TC.ZS,Honduras,HND,..,..,..,..,..,..,16.09893,14.49878,16.65963,..,..,..
"Pupil-teacher ratio, secondary",SE.SEC.ENRL.TC.ZS,"Hong Kong SAR, China",HKG,..,..,15.79139,14.98744,14.19818,13.60538,12.95682,12.37069,11.51862,11.22247,..,..
"Pupil-teacher ratio, secondary",SE.SEC.ENRL.TC.ZS,Hungary,HUN,..,9.84324,10.02931,10.03962,10.48026,10.90331,10.2914,10.01652,..,..,..,..
"Pupil-teacher ratio, secondary",SE.SEC.ENRL.TC.ZS,Iceland,ISL,..,..,..,..,..,..,..,..,..,..,..,..
"Pupil-teacher ratio, secondary",SE.SEC.ENRL.TC.ZS,India,IND,..,33.62315,25.92121,..,30.78327,31.77246,31.65018,28.49097,27.44103,28.52287,..,..
"Pupil-teacher ratio, secondary",SE.SEC.ENRL.TC.ZS,Indonesia,IDN,12.9166,14.57182,14.76712,16.61711,15.37529,15.4731,..,14.11492,15.3284,15.2071,..,..
"Pupil-teacher ratio, secondary",SE.SEC.ENRL.TC.ZS,"Iran, Islamic Rep.",IRN,..,..,..,..,17.55105,17.51293,..,18.6938,19.00886,..,..,..
"Pupil-teacher ratio, secondary",SE.SEC.ENRL.TC.ZS,Iraq,IRQ,..,19.73519,..,..,..,..,..,..,..,..,..,..
"Pupil-teacher ratio, secondary",SE.SEC.ENRL.TC.ZS,Ireland,IRL,17.01357,..,..,..,..,..,..,..,..,..,..,..
"Pupil-teacher ratio, secondary",SE.SEC.ENRL.TC.ZS,Isle of Man,IMN,..,..,..,..,..,..,..,..,..,..,..,..
"Pupil-teacher ratio, secondary",SE.SEC.ENRL.TC.ZS,Israel,ISR,10.8389,10.6371,..,..,..,..,..,..,..,..,..,..
"Pupil-teacher ratio, secondary",SE.SEC.ENRL.TC.ZS,Italy,ITA,9.17612,10.45422,..,..,11.37547,..,11.29297,10.04517,9.98461,..,..,..
"Pupil-teacher ratio, secondary",SE.SEC.ENRL.TC.ZS,Jamaica,JAM,..,18.45466,16.81034,..,16.17915,16.49503,16.42874,18.10698,15.49229,16.69828,..,..
"Pupil-teacher ratio, secondary",SE.SEC.ENRL.TC.ZS,Japan,JPN,..,..,..,..,..,11.44178,11.3877,11.21106,11.11967,..,..,..
"Pupil-teacher ratio, secondary",SE.SEC.ENRL.TC.ZS,Jordan,JOR,..,..,..,..,..,14.5993,..,..,11.431,12.26127,..,..
"Pupil-teacher ratio, secondary",SE.SEC.ENRL.TC.ZS,Kazakhstan,KAZ,..,..,..,..,..,..,7.50668,6.79388,6.59153,6.95898,7.67993,..
"Pupil-teacher ratio, secondary",SE.SEC.ENRL.TC.ZS,Kenya,KEN,..,..,..,..,..,..,..,..,..,..,..,..
"Pupil-teacher ratio, secondary",SE.SEC.ENRL.TC.ZS,Kiribati,KIR,12.15789,..,..,..,..,..,..,..,..,..,..,..
"Pupil-teacher ratio, secondary",SE.SEC.ENRL.TC.ZS,"Korea, Dem. People’s Rep.",PRK,..,..,..,..,..,..,17.47049,..,..,..,..,..
"Pupil-teacher ratio, secondary",SE.SEC.ENRL.TC.ZS,"Korea, Rep.",KOR,27.66815,21.02036,16.2053,15.97947,15.61105,14.91446,14.40724,13.84298,13.26544,..,..,..
"Pupil-teacher ratio, secondary",SE.SEC.ENRL.TC.ZS,Kosovo,XKX,..,..,..,..,..,..,..,..,..,..,..,..
"Pupil-teacher ratio, secondary",SE.SEC.ENRL.TC.ZS,Kuwait,KWT,12.50159,10.78929,..,..,..,..,7.58836,..,..,..,..,..
"Pupil-teacher ratio, secondary",SE.SEC.ENRL.TC.ZS,Kyrgyz Republic,KGZ,..,13.33059,14.29209,12.56466,12.20861,12.40401,10.79995,9.86636,10.43743,10.64648,..,..
"Pupil-teacher ratio, secondary",SE.SEC.ENRL.TC.ZS,Lao PDR,LAO,11.76604,21.33414,19.88845,18.60615,17.7271,18.3395,18.7202,18.34744,18.13429,18.15412,..,..
"Pupil-teacher ratio, secondary",SE.SEC.ENRL.TC.ZS,Latvia,LVA,9.59315,10.73766,8.33016,7.89986,8.32843,8.21486,8.03226,8.10571,8.2712,..,..,..
"Pupil-teacher ratio, secondary",SE.SEC.ENRL.TC.ZS,Lebanon,LBN,..,..,9.30599,..,8.20747,7.74275,..,7.67398,..,..,..,..
"Pupil-teacher ratio, secondary",SE.SEC.ENRL.TC.ZS,Lesotho,LSO,..,22.06443,24.76922,24.69132,24.13987,23.46834,23.95153,23.16604,25.34293,..,..,..
"Pupil-teacher ratio, secondary",SE.SEC.ENRL.TC.ZS,Liberia,LBR,..,..,..,..,..,14.88293,18.39079,..,..,..,..,..
"Pupil-teacher ratio, secondary",SE.SEC.ENRL.TC.ZS,Libya,LBY,..,..,..,..,..,..,..,..,..,..,..,..
"Pupil-teacher ratio, secondary",SE.SEC.ENRL.TC.ZS,Liechtenstein,LIE,..,..,10.67314,..,..,9.70487,9.90828,9.65192,9.55752,..,..,..
"Pupil-teacher ratio, secondary",SE.SEC.ENRL.TC.ZS,Lithuania,LTU,..,11.18394,8.56257,8.31545,8.10003,8.07679,7.88976,7.68762,7.80821,..,..,..
"Pupil-teacher ratio, secondary",SE.SEC.ENRL.TC.ZS,Luxembourg,LUX,..,10.88618,8.62161,7.88117,7.9546,9.11907,9.44748,8.82794,..,..,..,..
"Pupil-teacher ratio, secondary",SE.SEC.ENRL.TC.ZS,"Macao SAR, China",MAC,..,23.88049,14.75386,14.40565,13.1121,12.2064,11.44466,10.66209,10.13764,9.75724,..,..
"Pupil-teacher ratio, secondary",SE.SEC.ENRL.TC.ZS,Madagascar,MDG,21.65603,..,..,27.63587,..,23.11643,..,..,20.04302,19.29784,..,..
"Pupil-teacher ratio, secondary",SE.SEC.ENRL.TC.ZS,Malawi,MWI,..,..,42.1285,41.52301,41.681,39.21122,37.89961,..,..,72.31002,..,..
"Pupil-teacher ratio, secondary",SE.SEC.ENRL.TC.ZS,Malaysia,MYS,19.3354,18.37824,13.57944,13.92335,13.27612,..,..,13.21255,12.2751,11.40208,..,..
"Pupil-teacher ratio, secondary",SE.SEC.ENRL.TC.ZS,Maldives,MDV,..,15.27481,..,..,..,..,..,..,..,..,..,..
"Pupil-teacher ratio, secondary",SE.SEC.ENRL.TC.ZS,Mali,MLI,..,28.97326,24.71884,..,19.2752,18.88774,19.19297,19.4834,17.43224,..,..,..
"Pupil-teacher ratio, secondary",SE.SEC.ENRL.TC.ZS,Malta,MLT,12.22619,10.70128,8.3145,8.52146,8.09958,7.87035,7.79572,7.21022,7.11247,..,..,..
"Pupil-teacher ratio, secondary",SE.SEC.ENRL.TC.ZS,Marshall Islands,MHL,..,..,..,..,..,..,..,..,..,..,..,..
"Pupil-teacher ratio, secondary",SE.SEC.ENRL.TC.ZS,Mauritania,MRT,18.10136,26.32665,..,..,..,33.0932,33.54677,26.36771,23.70599,25.9167,..,..
"Pupil-teacher ratio, secondary",SE.SEC.ENRL.TC.ZS,Mauritius,MUS,..,19.39514,14.9129,14.7082,13.12128,13.26561,12.87505,..,12.65226,10.9886,..,..
"Pupil-teacher ratio, secondary",SE.SEC.ENRL.TC.ZS,Mexico,MEX,16.93628,16.92285,17.67731,17.74098,17.95597,16.12339,16.08213,16.30684,16.85759,..,..,..
"Pupil-teacher ratio, secondary",SE.SEC.ENRL.TC.ZS,"Micronesia, Fed. Sts.",FSM,..,..,..,..,..,..,..,..,..,..,..,..
"Pupil-teacher ratio, secondary",SE.SEC.ENRL.TC.ZS,Moldova,MDA,13.26976,13.24936,9.89848,9.57243,9.58607,9.376,9.34236,9.22639,9.91073,9.86318,..,..
"Pupil-teacher ratio, secondary",SE.SEC.ENRL.TC.ZS,Monaco,MCO,..,..,..,..,..,..,8.12069,..,8.54364,..,..,..
"Pupil-teacher ratio, secondary",SE.SEC.ENRL.TC.ZS,Mongolia,MNG,18.82154,19.91429,..,..,..,..,..,..,..,..,..,..
"Pupil-teacher ratio, secondary",SE.SEC.ENRL.TC.ZS,Montenegro,MNE,..,..,..,..,..,..,..,..,..,..,..,..
"Pupil-teacher ratio, secondary",SE.SEC.ENRL.TC.ZS,Morocco,MAR,17.82362,16.97265,..,..,..,..,..,..,20.26796,19.42453,..,..
"Pupil-teacher ratio, secondary",SE.SEC.ENRL.TC.ZS,Mozambique,MOZ,34.39489,..,33.23384,33.07411,41.49328,40.04899,39.68606,..,36.54379,..,..,..
"Pupil-teacher ratio, secondary",SE.SEC.ENRL.TC.ZS,Myanmar,MMR,12.49244,31.87973,..,..,..,31.80264,..,24.04989,26.41848,27.24679,..,..
"Pupil-teacher ratio, secondary",SE.SEC.ENRL.TC.ZS,Namibia,NAM,..,24.05035,..,..,..,..,..,..,..,..,..,..
"Pupil-teacher ratio, secondary",SE.SEC.ENRL.TC.ZS,Nauru,NRU,..,17.42105,..,..,..,22.84444,..,24.8,..,..,..,..
"Pupil-teacher ratio, secondary",SE.SEC.ENRL.TC.ZS,Nepal,NPL,31.05447,30.21542,29.70178,29.56574,29.1808,28.84049,28.57148,28.90357,28.82411,..,28.2567,..
"Pupil-teacher ratio, secondary",SE.SEC.ENRL.TC.ZS,Netherlands,NLD,15.54023,..,13.57412,13.85693,..,..,14.46276,14.40346,14.51694,..,..,..
"Pupil-teacher ratio, secondary",SE.SEC.ENRL.TC.ZS,New Caledonia,NCL,13.38925,..,..,..,..,..,..,..,..,..,..,..
"Pupil-teacher ratio, secondary",SE.SEC.ENRL.TC.ZS,New Zealand,NZL,..,15.54971,14.36822,14.36042,..,13.96236,13.81545,13.8189,13.62875,..,..,..
"Pupil-teacher ratio, secondary",SE.SEC.ENRL.TC.ZS,Nicaragua,NIC,..,31.99942,..,..,..,..,..,..,..,..,..,..
"Pupil-teacher ratio, secondary",SE.SEC.ENRL.TC.ZS,Niger,NER,25.85174,23.40357,34.67953,..,26.76826,25.11458,27.95952,26.73945,29.73171,..,..,..
"Pupil-teacher ratio, secondary",SE.SEC.ENRL.TC.ZS,Nigeria,NGA,22.10538,30.88668,..,..,..,..,..,..,..,..,..,..
"Pupil-teacher ratio, secondary",SE.SEC.ENRL.TC.ZS,North Macedonia,MKD,..,16.04576,..,10.492,9.84804,9.56464,9.42686,..,8.74033,..,..,..
"Pupil-teacher ratio, secondary",SE.SEC.ENRL.TC.ZS,Northern Mariana Islands,MNP,..,..,..,..,..,..,..,..,..,..,..,..
"Pupil-teacher ratio, secondary",SE.SEC.ENRL.TC.ZS,Norway,NOR,..,..,..,..,..,..,8.63887,8.72728,8.57685,..,..,..
"Pupil-teacher ratio, secondary",SE.SEC.ENRL.TC.ZS,Oman,OMN,15.28029,17.92822,..,..,..,..,..,..,9.97437,10.21867,..,..
"Pupil-teacher ratio, secondary",SE.SEC.ENRL.TC.ZS,Pakistan,PAK,19.46601,..,..,23.33674,22.31446,21.401,21.12687,21.35147,19.38545,20.39658,..,..
"Pupil-teacher ratio, secondary",SE.SEC.ENRL.TC.ZS,Palau,PLW,..,15.0873,..,..,..,..,..,..,..,..,..,..
"Pupil-teacher ratio, secondary",SE.SEC.ENRL.TC.ZS,Panama,PAN,20.08438,16.25611,14.68664,..,15.51877,13.58912,13.32796,14.50099,13.5809,..,..,..
"Pupil-teacher ratio, secondary",SE.SEC.ENRL.TC.ZS,Papua New Guinea,PNG,..,..,..,27.40981,..,..,..,34.2964,..,..,..,..
"Pupil-teacher ratio, secondary",SE.SEC.ENRL.TC.ZS,Paraguay,PRY,..,11.88346,..,18.4041,..,..,..,..,..,..,..,..
"Pupil-teacher ratio, secondary",SE.SEC.ENRL.TC.ZS,Peru,PER,19.68698,20.35754,16.69359,16.75243,15.46321,14.20135,14.09055,14.33983,14.57939,14.20042,..,..
"Pupil-teacher ratio, secondary",SE.SEC.ENRL.TC.ZS,Philippines,PHL,33.34573,..,..,..,..,26.99059,26.22974,23.52214,23.88062,..,..,..
"Pupil-teacher ratio, secondary",SE.SEC.ENRL.TC.ZS,Poland,POL,..,..,8.90961,8.66085,9.5332,9.45976,9.3184,9.19768,9.09854,..,..,..
"Pupil-teacher ratio, secondary",SE.SEC.ENRL.TC.ZS,Portugal,PRT,..,9.79384,7.52542,8.16457,9.7729,9.8942,9.9287,9.64497,9.51599,..,..,..
"Pupil-teacher ratio, secondary",SE.SEC.ENRL.TC.ZS,Puerto Rico,PRI,..,..,11.86249,13.7315,12.8901,17.23632,18.9141,17.15997,..,..,..,..
"Pupil-teacher ratio, secondary",SE.SEC.ENRL.TC.ZS,Qatar,QAT,8.59347,..,10.12723,9.72794,9.67144,10.17084,10.68863,10.24306,10.41565,11.04303,..,..
"Pupil-teacher ratio, secondary",SE.SEC.ENRL.TC.ZS,Romania,ROU,..,12.83862,12.96035,12.75412,12.81445,12.26841,12.09628,12.11967,12.07981,..,..,..
"Pupil-teacher ratio, secondary",SE.SEC.ENRL.TC.ZS,Russian Federation,RUS,..,..,..,8.76378,..,..,..,..,..,..,..,..
"Pupil-teacher ratio, secondary",SE.SEC.ENRL.TC.ZS,Rwanda,RWA,..,23.32554,23.70344,22.91459,22.79344,21.65028,19.21098,18.57893,20.08785,28.24773,..,..
"Pupil-teacher ratio, secondary",SE.SEC.ENRL.TC.ZS,Samoa,WSM,..,21.17285,..,..,..,..,..,..,..,..,..,..
"Pupil-teacher ratio, secondary",SE.SEC.ENRL.TC.ZS,San Marino,SMR,..,..,..,..,..,..,..,..,..,5.84099,..,..
"Pupil-teacher ratio, secondary",SE.SEC.ENRL.TC.ZS,Sao Tome and Principe,STP,..,..,19.77371,..,..,24.44641,20.75328,24.82051,..,..,..,..
"Pupil-teacher ratio, secondary",SE.SEC.ENRL.TC.ZS,Saudi Arabia,SAU,..,..,..,..,..,..,10.26494,10.48578,11.14518,11.52893,..,..
"Pupil-teacher ratio, secondary",SE.SEC.ENRL.TC.ZS,Senegal,SEN,..,27.34762,26.90024,24.8448,26.05916,25.07389,20.37208,19.65404,18.88356,..,..,..
"Pupil-teacher ratio, secondary",SE.SEC.ENRL.TC.ZS,Serbia,SRB,..,..,9.33435,9.07219,9.00278,8.65148,8.45036,8.22827,8.08165,7.946,..,..
"Pupil-teacher ratio, secondary",SE.SEC.ENRL.TC.ZS,Seychelles,SYC,..,14.57746,11.79602,12.8595,12.36134,13.23091,11.98379,11.6348,11.5937,10.7789,..,..
"Pupil-teacher ratio, secondary",SE.SEC.ENRL.TC.ZS,Sierra Leone,SLE,18.6619,..,20.51483,21.68596,20.66285,..,20.54128,22.04465,..,..,..,..
"Pupil-teacher ratio, secondary",SE.SEC.ENRL.TC.ZS,Singapore,SGP,..,..,..,..,..,..,..,11.65009,11.47558,..,..,..
"Pupil-teacher ratio, secondary",SE.SEC.ENRL.TC.ZS,Sint Maarten (Dutch part),SXM,..,..,..,11.82937,..,7.57821,..,..,..,..,..,..
"Pupil-teacher ratio, secondary",SE.SEC.ENRL.TC.ZS,Slovak Republic,SVK,..,12.23353,11.67085,11.34508,11.23021,11.113,11.15229,11.0616,11.06981,..,..,..
"Pupil-teacher ratio, secondary",SE.SEC.ENRL.TC.ZS,Slovenia,SVN,..,12.92344,8.96265,8.86497,10.06775,10.10363,10.20569,9.69943,..,..,..,..
"Pupil-teacher ratio, secondary",SE.SEC.ENRL.TC.ZS,Solomon Islands,SLB,..,10.11743,23.88333,25.92408,..,..,..,..,..,..,..,..
"Pupil-teacher ratio, secondary",SE.SEC.ENRL.TC.ZS,Somalia,SOM,..,..,..,..,..,..,..,..,..,..,..,..
"Pupil-teacher ratio, secondary",SE.SEC.ENRL.TC.ZS,South Africa,ZAF,..,28.05968,..,..,..,..,27.78203,26.84814,27.61705,..,..,..
"Pupil-teacher ratio, secondary",SE.SEC.ENRL.TC.ZS,South Sudan,SSD,..,..,..,..,..,..,27.47489,..,..,..,..,..
"Pupil-teacher ratio, secondary",SE.SEC.ENRL.TC.ZS,Spain,ESP,17.18294,11.38215,11.05291,11.35027,12.01328,11.90957,11.98294,11.60931,11.56883,..,..,..
"Pupil-teacher ratio, secondary",SE.SEC.ENRL.TC.ZS,Sri Lanka,LKA,19.10929,..,17.25639,17.28218,..,..,..,17.42213,17.44801,17.52875,..,..
"Pupil-teacher ratio, secondary",SE.SEC.ENRL.TC.ZS,St. Kitts and Nevis,KNA,..,14.44848,9.18162,8.19866,12.41451,8.48544,8.31985,7.9222,..,..,..,..
"Pupil-teacher ratio, secondary",SE.SEC.ENRL.TC.ZS,St. Lucia,LCA,18.53207,17.77305,15.31698,14.33398,12.17938,12.76199,11.73623,11.78644,11.41776,11.14556,..,..
"Pupil-teacher ratio, secondary",SE.SEC.ENRL.TC.ZS,St. Martin (French part),MAF,..,..,..,..,..,..,..,..,..,..,..,..
"Pupil-teacher ratio, secondary",SE.SEC.ENRL.TC.ZS,St. Vincent and the Grenadines,VCT,..,23.8399,16.81077,15.32206,14.72238,15.43582,15.01606,14.33003,14.36506,13.8727,..,..
"Pupil-teacher ratio, secondary",SE.SEC.ENRL.TC.ZS,Sudan,SDN,..,..,..,..,..,..,..,..,..,..,..,..
"Pupil-teacher ratio, secondary",SE.SEC.ENRL.TC.ZS,Suriname,SUR,13.37445,..,13.42443,12.47988,12.75306,12.32072,11.97658,..,..,..,..,..
"Pupil-teacher ratio, secondary",SE.SEC.ENRL.TC.ZS,Sweden,SWE,..,14.34758,9.5108,9.52382,12.29939,12.61897,12.87345,12.90017,13.07043,..,..,..
"Pupil-teacher ratio, secondary",SE.SEC.ENRL.TC.ZS,Switzerland,CHE,..,..,..,9.32916,9.27359,..,..,9.7742,9.82943,..,..,..
"Pupil-teacher ratio, secondary",SE.SEC.ENRL.TC.ZS,Syrian Arab Republic,SYR,18.10776,17.64617,..,..,..,..,..,..,..,..,..,..
"Pupil-teacher ratio, secondary",SE.SEC.ENRL.TC.ZS,Tajikistan,TJK,..,16.40669,15.43893,..,..,..,..,..,..,..,..,..
"Pupil-teacher ratio, secondary",SE.SEC.ENRL.TC.ZS,Tanzania,TZA,..,..,..,..,..,23.51587,..,15.93942,17.11346,20.86254,..,..
"Pupil-teacher ratio, secondary",SE.SEC.ENRL.TC.ZS,Thailand,THA,16.22193,..,..,..,..,29.53685,28.15431,26.63435,26.36914,25.94603,..,..
"Pupil-teacher ratio, secondary",SE.SEC.ENRL.TC.ZS,Timor-Leste,TLS,..,..,24.2871,..,..,..,..,..,27.28978,26.54835,..,..
"Pupil-teacher ratio, secondary",SE.SEC.ENRL.TC.ZS,Togo,TGO,28.04832,31.53444,26.24584,..,..,..,..,..,..,..,..,..
"Pupil-teacher ratio, secondary",SE.SEC.ENRL.TC.ZS,Tonga,TON,17.72716,14.62638,14.56807,..,13.29749,13.40591,14.5488,..,..,..,..,..
"Pupil-teacher ratio, secondary",SE.SEC.ENRL.TC.ZS,Trinidad and Tobago,TTO,..,..,..,..,..,..,..,..,..,..,..,..
"Pupil-teacher ratio, secondary",SE.SEC.ENRL.TC.ZS,Tunisia,TUN,17.31576,18.9929,13.62495,..,..,..,..,..,..,..,..,..
"Pupil-teacher ratio, secondary",SE.SEC.ENRL.TC.ZS,Turkey,TUR,23.26197,..,..,17.94572,20.13252,19.48105,18.45287,..,17.34797,..,..,..
"Pupil-teacher ratio, secondary",SE.SEC.ENRL.TC.ZS,Turkmenistan,TKM,..,..,..,..,..,..,..,..,..,..,..,..
"Pupil-teacher ratio, secondary",SE.SEC.ENRL.TC.ZS,Turks and Caicos Islands,TCA,..,8.37692,..,..,..,8.83415,9.58571,..,..,10.06957,..,..
"Pupil-teacher ratio, secondary",SE.SEC.ENRL.TC.ZS,Tuvalu,TUV,..,..,..,..,..,..,6.16746,8.3806,..,8.64286,..,..
"Pupil-teacher ratio, secondary",SE.SEC.ENRL.TC.ZS,Uganda,UGA,..,..,..,..,..,..,..,..,..,..,..,..
"Pupil-teacher ratio, secondary",SE.SEC.ENRL.TC.ZS,Ukraine,UKR,..,13.36584,..,..,..,..,6.97019,7.03673,7.20581,7.33711,..,..
"Pupil-teacher ratio, secondary",SE.SEC.ENRL.TC.ZS,United Arab Emirates,ARE,12.56488,..,..,..,..,..,..,9.54885,..,..,..,..
"Pupil-teacher ratio, secondary",SE.SEC.ENRL.TC.ZS,United Kingdom,GBR,..,15.05171,..,..,15.86648,15.82946,15.45905,..,16.61873,..,..,..
"Pupil-teacher ratio, secondary",SE.SEC.ENRL.TC.ZS,United States,USA,..,..,..,..,..,14.78683,14.69697,..,14.62452,..,..,..
"Pupil-teacher ratio, secondary",SE.SEC.ENRL.TC.ZS,Uruguay,URY,..,14.62523,..,..,..,..,..,..,..,..,..,..
"Pupil-teacher ratio, secondary",SE.SEC.ENRL.TC.ZS,Uzbekistan,UZB,10.88961,11.50156,13.27681,12.84043,11.68829,10.90033,10.69989,10.43487,10.32977,..,..,..
"Pupil-teacher ratio, secondary",SE.SEC.ENRL.TC.ZS,Vanuatu,VUT,..,24.69504,..,..,..,..,20.568,..,..,..,..,..
"Pupil-teacher ratio, secondary",SE.SEC.ENRL.TC.ZS,"Venezuela, RB",VEN,..,..,..,..,..,..,..,..,..,..,..,..
"Pupil-teacher ratio, secondary",SE.SEC.ENRL.TC.ZS,Vietnam,VNM,17.98301,..,..,..,..,..,..,..,..,..,..,..
"Pupil-teacher ratio, secondary",SE.SEC.ENRL.TC.ZS,Virgin Islands (U.S.),VIR,17.91667,..,..,..,..,..,..,..,..,..,..,..
"Pupil-teacher ratio, secondary",SE.SEC.ENRL.TC.ZS,West Bank and Gaza,PSE,..,28.36639,20.49871,20.18146,19.86081,19.71825,19.9462,19.64335,20.08626,17.33404,..,..
"Pupil-teacher ratio, secondary",SE.SEC.ENRL.TC.ZS,"Yemen, Rep.",YEM,..,..,..,..,..,..,..,..,..,..,..,..
"Pupil-teacher ratio, secondary",SE.SEC.ENRL.TC.ZS,Zambia,ZMB,..,..,..,..,..,..,..,..,..,..,..,..
"Pupil-teacher ratio, secondary",SE.SEC.ENRL.TC.ZS,Zimbabwe,ZWE,..,24.71045,..,22.43191,22.48353,..,..,..,..,..,..,..
"Pupil-teacher ratio, secondary",SE.SEC.ENRL.TC.ZS,Arab World,ARB,17.79876,16.29985,14.46235,14.41522,14.36273,14.44477,14.50165,14.52697,14.55245,14.49976,..,..
"Pupil-teacher ratio, secondary",SE.SEC.ENRL.TC.ZS,Caribbean small states,CSS,21.42853,17.95788,16.23626,16.41118,15.81603,15.70085,15.36799,15.84117,14.74658,15.1103,..,..
"Pupil-teacher ratio, secondary",SE.SEC.ENRL.TC.ZS,Central Europe and the Baltics,CEB,13.94181,12.11241,10.16726,9.96592,10.41704,10.39318,10.14677,10.0146,9.9961,10.02635,..,..
"Pupil-teacher ratio, secondary",SE.SEC.ENRL.TC.ZS,Early-demographic dividend,EAR,20.71399,23.36436,21.22642,21.49801,22.61324,22.76992,22.50503,21.60483,21.33877,21.40841,..,..
"Pupil-teacher ratio, secondary",SE.SEC.ENRL.TC.ZS,East Asia & Pacific,EAS,15.72451,17.62006,15.90186,15.72679,15.97076,15.53039,15.08599,14.67212,14.74875,14.75977,..,..
"Pupil-teacher ratio, secondary",SE.SEC.ENRL.TC.ZS,East Asia & Pacific (excluding high income),EAP,15.05413,17.89193,16.16995,16.00089,16.30567,15.83737,15.34908,14.90642,15.01544,14.98305,..,..
"Pupil-teacher ratio, secondary",SE.SEC.ENRL.TC.ZS,East Asia & Pacific (IDA & IBRD countries),TEA,14.99849,17.89966,16.15151,15.98017,16.28906,15.81443,15.32017,14.87222,14.98327,14.95966,..,..
"Pupil-teacher ratio, secondary",SE.SEC.ENRL.TC.ZS,Euro area,EMU,12.55881,11.96365,11.46512,11.55823,11.75595,11.74737,11.73668,11.42687,11.42341,11.42415,..,..
"Pupil-teacher ratio, secondary",SE.SEC.ENRL.TC.ZS,Europe & Central Asia,ECS,11.8115,11.67828,11.14743,11.10405,11.51975,11.44363,11.29639,11.09253,11.08297,11.08115,..,..
"Pupil-teacher ratio, secondary",SE.SEC.ENRL.TC.ZS,Europe & Central Asia (excluding high income),ECA,..,11.16249,10.89878,10.75538,11.15565,10.97322,10.77056,10.54213,10.4964,10.48524,..,..
"Pupil-teacher ratio, secondary",SE.SEC.ENRL.TC.ZS,Europe & Central Asia (IDA & IBRD countries),TEC,..,11.31734,10.68817,10.53622,10.97792,10.82036,10.61154,10.39485,10.35177,10.3459,..,..
"Pupil-teacher ratio, secondary",SE.SEC.ENRL.TC.ZS,European Union,EUU,12.74245,12.32525,11.52783,11.57438,12.00959,12.0173,11.91926,11.73981,11.7795,11.79284,..,..
"Pupil-teacher ratio, secondary",SE.SEC.ENRL.TC.ZS,Fragile and conflict affected situations,FCS,18.21575,20.58019,19.50816,19.40945,19.32296,19.39066,19.17145,19.04124,19.01331,19.02135,..,..
"Pupil-teacher ratio, secondary",SE.SEC.ENRL.TC.ZS,Heavily indebted poor countries (HIPC),HPC,22.42464,23.44485,23.31242,23.04886,22.07264,21.88557,21.44457,21.1948,20.97459,21.37058,..,..
"Pupil-teacher ratio, secondary",SE.SEC.ENRL.TC.ZS,High income,HIC,14.4746,13.60712,12.68246,12.70481,12.86842,12.87004,12.76727,12.62698,12.60643,12.63098,..,..
"Pupil-teacher ratio, secondary",SE.SEC.ENRL.TC.ZS,IBRD only,IBD,16.59672,18.60503,17.44554,17.38847,18.27212,18.22951,17.94955,17.4179,17.26164,17.23354,..,..
"Pupil-teacher ratio, secondary",SE.SEC.ENRL.TC.ZS,IDA & IBRD total,IBT,16.86998,19.15325,18.13249,18.24865,18.93456,18.82211,18.5601,18.16581,17.97486,18.02335,..,..
"Pupil-teacher ratio, secondary",SE.SEC.ENRL.TC.ZS,IDA blend,IDB,17.53695,20.36357,18.7994,21.15492,19.41601,18.33013,18.23693,19.05278,18.48555,18.86477,..,..
"Pupil-teacher ratio, secondary",SE.SEC.ENRL.TC.ZS,IDA only,IDX,20.85305,26.07487,24.0673,24.15077,24.12494,24.09625,23.66721,23.4596,23.10511,23.53348,..,..
"Pupil-teacher ratio, secondary",SE.SEC.ENRL.TC.ZS,IDA total,IDA,19.22615,23.65135,21.86446,22.99397,22.1521,21.68999,21.40375,21.72611,21.27684,21.68306,..,..
"Pupil-teacher ratio, secondary",SE.SEC.ENRL.TC.ZS,Late-demographic dividend,LTE,14.14092,15.82149,14.67161,14.28352,14.80778,14.3671,14.02361,13.75482,13.58041,13.50771,..,..
"Pupil-teacher ratio, secondary",SE.SEC.ENRL.TC.ZS,Latin America & Caribbean,LCN,16.36833,17.88522,17.03227,16.83752,17.19956,16.50248,16.39638,16.41891,16.50972,16.4962,..,..
"Pupil-teacher ratio, secondary",SE.SEC.ENRL.TC.ZS,Latin America & Caribbean (excluding high income),LAC,16.12256,17.74447,17.06215,16.89054,17.30006,16.57641,16.49783,16.53588,16.61526,16.60104,..,..
"Pupil-teacher ratio, secondary",SE.SEC.ENRL.TC.ZS,Latin America & the Caribbean (IDA & IBRD countries),TLA,16.59482,18.01969,17.27736,17.08228,17.46553,16.69484,16.56983,16.5865,16.67372,16.65098,..,..
"Pupil-teacher ratio, secondary",SE.SEC.ENRL.TC.ZS,Least developed countries: UN classification,LDC,22.01148,28.15927,25.65008,25.86966,25.6577,25.62664,24.95432,24.75304,24.31458,24.74825,..,..
"Pupil-teacher ratio, secondary",SE.SEC.ENRL.TC.ZS,Low & middle income,LMY,16.85824,19.21638,18.23437,18.35552,19.03864,18.92542,18.6707,18.27281,18.07721,18.11664,..,..
"Pupil-teacher ratio, secondary",SE.SEC.ENRL.TC.ZS,Low income,LIC,21.23902,21.92308,22.72036,22.90115,22.42411,22.50288,22.10181,21.97853,21.88316,22.09153,..,..
"Pupil-teacher ratio, secondary",SE.SEC.ENRL.TC.ZS,Lower middle income,LMC,21.28406,24.84319,21.70244,22.38171,23.50979,23.80539,23.48068,22.55303,22.27369,22.34035,..,..
"Pupil-teacher ratio, secondary",SE.SEC.ENRL.TC.ZS,Middle East & North Africa,MEA,18.38983,18.52779,15.17937,15.05347,14.63249,14.68665,14.79831,14.91463,14.99075,14.91591,..,..
"Pupil-teacher ratio, secondary",SE.SEC.ENRL.TC.ZS,Middle East & North Africa (excluding high income),MNA,19.54314,19.94777,16.23666,16.13358,15.69777,15.78599,15.95591,16.1407,16.28611,16.20428,..,..
"Pupil-teacher ratio, secondary",SE.SEC.ENRL.TC.ZS,Middle East & North Africa (IDA & IBRD countries),TMN,19.477,19.85023,16.16198,16.06211,15.62008,15.70994,15.878,16.07018,16.20945,16.17787,..,..
"Pupil-teacher ratio, secondary",SE.SEC.ENRL.TC.ZS,Middle income,MIC,16.71834,19.11449,17.95522,18.0635,18.80913,18.68452,18.43519,18.01772,17.81021,17.83669,..,..
"Pupil-teacher ratio, secondary",SE.SEC.ENRL.TC.ZS,North America,NAC,16.07617,14.93725,14.81487,14.99648,15.02165,15.10117,15.01378,14.9758,14.94246,14.93963,..,..
"Pupil-teacher ratio, secondary",SE.SEC.ENRL.TC.ZS,Not classified,INX,..,..,..,..,..,..,..,..,..,..,..,..
"Pupil-teacher ratio, secondary",SE.SEC.ENRL.TC.ZS,OECD members,OED,14.8202,14.15634,13.56167,13.61118,14.01954,13.86628,13.74787,13.62644,13.63641,13.67666,..,..
"Pupil-teacher ratio, secondary",SE.SEC.ENRL.TC.ZS,Other small states,OSS,14.80982,15.63834,15.02347,14.82787,14.66267,14.70222,14.44537,13.76732,13.69945,13.96217,..,..
"Pupil-teacher ratio, secondary",SE.SEC.ENRL.TC.ZS,Pacific island small states,PSS,20.95969,18.11554,21.54691,19.2727,19.25248,..,..,..,..,..,..,..
"Pupil-teacher ratio, secondary",SE.SEC.ENRL.TC.ZS,Post-demographic dividend,PST,14.244,13.50455,12.61838,12.63678,12.75882,12.7433,12.66088,12.54451,12.53682,12.57776,..,..
"Pupil-teacher ratio, secondary",SE.SEC.ENRL.TC.ZS,Pre-demographic dividend,PRE,22.47455,24.19368,20.09817,22.22636,20.68247,20.17024,19.77498,20.42466,20.29485,20.52323,..,..
"Pupil-teacher ratio, secondary",SE.SEC.ENRL.TC.ZS,Small states,SST,17.09316,16.41073,15.69331,15.45218,15.20144,15.20525,14.91021,14.50623,14.25567,14.52619,..,..
"Pupil-teacher ratio, secondary",SE.SEC.ENRL.TC.ZS,South Asia,SAS,27.69485,32.47387,25.9675,25.91948,29.92496,30.60243,30.44821,28.20535,26.97132,27.19053,..,..
"Pupil-teacher ratio, secondary",SE.SEC.ENRL.TC.ZS,South Asia (IDA & IBRD),TSA,27.69485,32.47387,25.9675,25.91948,29.92496,30.60243,30.44821,28.20535,26.97132,27.19053,..,..
"Pupil-teacher ratio, secondary",SE.SEC.ENRL.TC.ZS,Sub-Saharan Africa,SSF,23.40616,25.13677,21.58815,23.50418,21.95603,21.39678,21.00043,21.49,21.30319,21.60546,..,..
"Pupil-teacher ratio, secondary",SE.SEC.ENRL.TC.ZS,Sub-Saharan Africa (excluding high income),SSA,23.41562,25.14307,21.59074,23.50709,21.95824,21.39848,21.00242,21.49227,21.30533,21.60801,..,..
"Pupil-teacher ratio, secondary",SE.SEC.ENRL.TC.ZS,Sub-Saharan Africa (IDA & IBRD countries),TSS,23.40616,25.13677,21.58815,23.50418,21.95603,21.39678,21.00043,21.49,21.30319,21.60546,..,..
"Pupil-teacher ratio, secondary",SE.SEC.ENRL.TC.ZS,Upper middle income,UMC,14.41063,16.19938,15.19568,14.8786,15.36619,14.88605,14.59857,14.38035,14.21118,14.16773,..,..
"Pupil-teacher ratio, secondary",SE.SEC.ENRL.TC.ZS,World,WLD,16.18552,17.74911,17.02516,17.13973,17.68115,17.62001,17.41341,17.09064,16.94278,16.9982,..,..
,,,,,,,,,,,,,,,
,,,,,,,,,,,,,,,
,,,,,,,,,,,,,,,
Data from database: World Development Indicators,,,,,,,,,,,,,,,
Last Updated: 12/16/2020,,,,,,,,,,,,,,,
